Time Stamp,ID,Extended,Dir,Bus,LEN,D1,D2,D3,D4,D5,D6,D7,D8
203178,000003CF,false,Rx,0,8,69,00,A3,A3,A3,A3,A3,A3,
419179,000003AF,false,Rx,0,8,B9,00,00,00,00,00,00,00,
706984,000003CF,false,Rx,0,8,69,00,A3,A3,A3,A3,A3,A3,
919127,000003AF,false,Rx,0,8,B9,00,00,00,00,00,00,00,
1211142,000003CF,false,Rx,0,8,69,00,A3,A3,A3,A3,A3,A3,
1419345,000003AF,false,Rx,0,8,B9,00,00,00,00,00,00,00,
1715086,000003CF,false,Rx,0,8,69,00,A3,A3,A3,A3,A3,A3,
1919528,000003AF,false,Rx,0,8,B9,00,00,00,00,00,00,00,
2219302,000003CF,false,Rx,0,8,69,00,A3,A3,A3,A3,A3,A3,
2419507,000003AF,false,Rx,0,8,B9,00,00,00,00,00,00,00,
2722892,000003CF,false,Rx,0,8,69,00,A3,A3,A3,A3,A3,A3,
2787856,00000151,false,Rx,0,8,10,0B,76,60,41,41,55,58,
2788516,00000551,false,Rx,0,8,30,01,00,A3,A3,A3,A3,A3,
2789538,00000151,false,Rx,0,8,21,20,20,41,55,54,00,00,
2790170,00000551,false,Rx,0,8,74,A3,A3,A3,A3,A3,A3,A3,
2794818,00000151,false,Rx,0,8,10,0B,76,60,44,41,46,20,
2794838,00000551,false,Rx,0,8,30,01,00,A3,A3,A3,A3,A3,
2794844,00000151,false,Rx,0,8,21,20,20,4F,4E,20,00,00,
2795228,00000551,false,Rx,0,8,74,A3,A3,A3,A3,A3,A3,A3,
2797151,00000151,false,Rx,0,8,10,0B,76,60,48,53,50,45,
2797815,00000551,false,Rx,0,8,30,01,00,A3,A3,A3,A3,A3,
2798468,00000151,false,Rx,0,8,21,45,44,20,30,20,00,00,
2799314,00000551,false,Rx,0,8,74,A3,A3,A3,A3,A3,A3,A3,
2919682,000003AF,false,Rx,0,8,B9,00,00,00,00,00,00,00,
3242813,000003CF,false,Rx,0,8,69,00,A3,A3,A3,A3,A3,A3,
3419973,000003AF,false,Rx,0,8,B9,00,00,00,00,00,00,00,
3746880,000003CF,false,Rx,0,8,69,00,A3,A3,A3,A3,A3,A3,
3920092,000003AF,false,Rx,0,8,B9,00,00,00,00,00,00,00,
4250713,000003CF,false,Rx,0,8,69,00,A3,A3,A3,A3,A3,A3,
4420175,000003AF,false,Rx,0,8,B9,00,00,00,00,00,00,00,
4754783,000003CF,false,Rx,0,8,69,00,A3,A3,A3,A3,A3,A3,
4920352,000003AF,false,Rx,0,8,B9,00,00,00,00,00,00,00,
5258771,000003CF,false,Rx,0,8,69,00,A3,A3,A3,A3,A3,A3,
5420454,000003AF,false,Rx,0,8,B9,00,00,00,00,00,00,00,
5764541,000003CF,false,Rx,0,8,69,00,A3,A3,A3,A3,A3,A3,
5920649,000003AF,false,Rx,0,8,B9,00,00,00,00,00,00,00,
6266697,000003CF,false,Rx,0,8,69,00,A3,A3,A3,A3,A3,A3,
6420819,000003AF,false,Rx,0,8,B9,00,00,00,00,00,00,00,
6770731,000003CF,false,Rx,0,8,69,00,A3,A3,A3,A3,A3,A3,
6920900,000003AF,false,Rx,0,8,B9,00,00,00,00,00,00,00,
7274427,000003CF,false,Rx,0,8,69,00,A3,A3,A3,A3,A3,A3,
7421022,000003AF,false,Rx,0,8,B9,00,00,00,00,00,00,00,
7778604,000003CF,false,Rx,0,8,69,00,A3,A3,A3,A3,A3,A3,
7921158,000003AF,false,Rx,0,8,B9,00,00,00,00,00,00,00,
8282317,000003CF,false,Rx,0,8,69,00,A3,A3,A3,A3,A3,A3,
8421243,000003AF,false,Rx,0,8,B9,00,00,00,00,00,00,00,
8786446,000003CF,false,Rx,0,8,69,00,A3,A3,A3,A3,A3,A3,
8921392,000003AF,false,Rx,0,8,B9,00,00,00,00,00,00,00,
9290360,000003CF,false,Rx,0,8,69,00,A3,A3,A3,A3,A3,A3,
9421434,000003AF,false,Rx,0,8,B9,00,00,00,00,00,00,00,
9794368,000003CF,false,Rx,0,8,69,00,A3,A3,A3,A3,A3,A3,
9921776,000003AF,false,Rx,0,8,B9,00,00,00,00,00,00,00,
10298232,000003CF,false,Rx,0,8,69,00,A3,A3,A3,A3,A3,A3,
10421746,000003AF,false,Rx,0,8,B9,00,00,00,00,00,00,00,
10802313,000003CF,false,Rx,0,8,69,00,A3,A3,A3,A3,A3,A3,
10922064,000003AF,false,Rx,0,8,B9,00,00,00,00,00,00,00,
11306229,000003CF,false,Rx,0,8,69,00,A3,A3,A3,A3,A3,A3,
11422168,000003AF,false,Rx,0,8,B9,00,00,00,00,00,00,00,
11810216,000003CF,false,Rx,0,8,69,00,A3,A3,A3,A3,A3,A3,
11922188,000003AF,false,Rx,0,8,B9,00,00,00,00,00,00,00,
12314001,000003CF,false,Rx,0,8,69,00,A3,A3,A3,A3,A3,A3,
12422454,000003AF,false,Rx,0,8,B9,00,00,00,00,00,00,00,
12751713,00000151,false,Rx,0,8,10,0E,77,15,55,FF,60,01,
12752404,00000551,false,Rx,0,8,30,01,00,A3,A3,A3,A3,A3,
12753230,00000151,false,Rx,0,8,21,4D,20,20,35,33,31,20,
12754240,00000551,false,Rx,0,8,30,01,00,A3,A3,A3,A3,A3,
12755246,00000151,false,Rx,0,8,22,20,00,00,00,00,00,00,
12755859,00000551,false,Rx,0,8,74,A3,A3,A3,A3,A3,A3,A3,
12827330,000003CF,false,Rx,0,8,69,00,A3,A3,A3,A3,A3,A3,
12922614,000003AF,false,Rx,0,8,B9,00,00,00,00,00,00,00,
13330008,000003CF,false,Rx,0,8,69,00,A3,A3,A3,A3,A3,A3,
13422734,000003AF,false,Rx,0,8,B9,00,00,00,00,00,00,00,
13834053,000003CF,false,Rx,0,8,69,00,A3,A3,A3,A3,A3,A3,
13922727,000003AF,false,Rx,0,8,B9,00,00,00,00,00,00,00,
14337984,000003CF,false,Rx,0,8,69,00,A3,A3,A3,A3,A3,A3,
14422983,000003AF,false,Rx,0,8,B9,00,00,00,00,00,00,00,
14841912,000003CF,false,Rx,0,8,69,00,A3,A3,A3,A3,A3,A3,
14923173,000003AF,false,Rx,0,8,B9,00,00,00,00,00,00,00,
15345777,000003CF,false,Rx,0,8,69,00,A3,A3,A3,A3,A3,A3,
15423238,000003AF,false,Rx,0,8,B9,00,00,00,00,00,00,00,
15849844,000003CF,false,Rx,0,8,69,00,A3,A3,A3,A3,A3,A3,
15923376,000003AF,false,Rx,0,8,B9,00,00,00,00,00,00,00,
16353729,000003CF,false,Rx,0,8,69,00,A3,A3,A3,A3,A3,A3,
16423496,000003AF,false,Rx,0,8,B9,00,00,00,00,00,00,00,
16857868,000003CF,false,Rx,0,8,69,00,A3,A3,A3,A3,A3,A3,
16923684,000003AF,false,Rx,0,8,B9,00,00,00,00,00,00,00,
17361566,000003CF,false,Rx,0,8,69,00,A3,A3,A3,A3,A3,A3,
17423837,000003AF,false,Rx,0,8,B9,00,00,00,00,00,00,00,
17865621,000003CF,false,Rx,0,8,69,00,A3,A3,A3,A3,A3,A3,
17923909,000003AF,false,Rx,0,8,B9,00,00,00,00,00,00,00,
